PLAIN, MOUNTAIN, FOREST, LAKE, DESERT, WASTELAND, PLAIN, SWAMP, WASTELAND, FOREST, LAKE, WASTELAND, SWAMP
DESERT, WATER, WATER, PLAIN, SWAMP, WATER, WATER, DESERT, SWAMP, WATER, WATER, DESERT
WATER, WATER, SWAMP, WATER, MOUNTAIN, WATER, FOREST, WATER, FOREST, WATER, MOUNTAIN, WATER, WATER
FOREST, LAKE, DESERT, WATER, WATER, WASTELAND, LAKE, WATER, WASTELAND, LAKE, WASTELAND, PLAIN
SWAMP, PLAIN, WASTELAND, LAKE, SWAMP, PLAIN, MOUNTAIN, DESERT, WATER, WATER, FOREST, SWAMP, LAKE
MOUNTAIN, FOREST, WATER, WATER, DESERT, FOREST, WATER, WATER, WATER, PLAIN, MOUNTAIN, PLAIN
WATER, WATER, WATER, MOUNTAIN, WATER, WASTELAND, WATER, FOREST, WATER, DESERT, SWAMP, LAKE, DESERT
DESERT, LAKE, PLAIN, WATER, WATER, WATER, LAKE, SWAMP, WATER, MOUNTAIN, PLAIN, MOUNTAIN
WASTELAND, SWAMP, MOUNTAIN, LAKE, WASTELAND, FOREST, DESERT, WASTELAND, MOUNTAIN, WATER, LAKE, FOREST, WASTELAND